rsi,ema9,ema20,atr,momentum,volume,target
53.79229871645305,103.83466107143144,103.86281387573592,0.26461428571428564,0.3299999999999983,6287.0,0.10999999999999943
52.89730349971312,103.82392885714515,103.85502207804679,0.2504000000000011,0.19900000000001228,2400.0,-0.28000000000000114
61.303191489361886,103.79134308571612,103.83654378489948,0.24411428571428623,0.16899999999999693,4985.0,-0.09100000000000819
63.715710723192075,103.82547446857289,103.84849199586144,0.25275714285714407,0.18099999999999739,5924.0,-0.46000000000000796
47.98004987531199,103.76057957485831,103.8153975200651,0.2706142857142879,-0.1599999999999966,5068.0,0.10099999999999909
51.96572580645133,103.72246365988664,103.79202632767795,0.2569000000000017,-0.23200000000001353,7947.0,0.43200000000000216
42.087351106068866,103.67837092790931,103.764404772661,0.2541857142857162,-0.3100000000000023,20978.0,0.7210000000000036
48.307515777395366,103.66309674232745,103.7489376514552,0.2784000000000018,-0.3399999999999892,21064.0,0.6700000000000017
54.995004995004756,103.73087739386196,103.77303882750708,0.31125714285714423,-0.010000000000005116,10549.0,0.33100000000000307
59.286037053773214,103.82930191508957,103.8158922725064,0.3226142857142875,0.35200000000000387,6000.0,0.17900000000000205
57.73921200750497,103.91784153207166,103.85933110369626,0.3166142857142873,0.4410000000000025,5236.0,0.28999999999999204
57.56005652378708,104.00087322565733,103.90444242715377,0.31432857142857323,0.48099999999999454,4195.0,0.17900000000000205
62.94490492442733,104.08109858052586,103.95182886266294,0.31564285714285895,0.6209999999999951,5870.0,0.3610000000000042
66.83555964993084,104.17727886442069,104.00994039955218,0.31921428571428734,0.9009999999999962,5752.0,0.2710000000000008
65.0,104.24422309153655,104.05775559959483,0.31978571428571556,0.5499999999999972,3680.0,0.3199999999999932
70.63025210084037,104.34797847322925,104.12492173296675,0.3290000000000006,1.2620000000000005,1201.0,-0.01100000000000989
75.15021459227478,104.4449827785834,104.19235775839849,0.3146428571428572,1.2630000000000052,1262.0,-0.05100000000000193
71.42857142857133,104.52238622286671,104.25327606712244,0.2952857142857133,1.3299999999999983,1854.0,-0.018999999999991246
87.93208004851427,104.56830897829337,104.30077358453936,0.26814285714285546,1.1499999999999915,1241.0,0.20000000000000284
87.63975155279515,104.61104718263469,104.34660467172608,0.2602857142857137,0.7800000000000011,1646.0,0.23100000000000875
91.67196439923715,104.65143774610776,104.39102327441884,0.2644999999999992,0.5900000000000034,3193.0,-0.04999999999999716
91.87344913151361,104.71155019688621,104.44444962923609,0.24071428571428402,0.6799999999999926,3247.0,-0.1599999999999966
89.70934799685789,104.77184015750896,104.49859728359456,0.21785714285714164,0.6800000000000068,4232.0,-0.3810000000000002
70.73732718894023,104.77007212600716,104.5237784946808,0.21785714285714164,0.3610000000000042,3996.0,-0.030000000000001137
70.2808112324492,104.77445770080573,104.54932339994929,0.21935714285714067,0.23000000000000398,1482.0,0.08100000000000307
60.82548877624933,104.74596616064458,104.55719736185888,0.22364285714285512,0.12000000000000455,2180.0,-0.07900000000000773
61.71266808209497,104.74337292851567,104.57394047025328,0.22578571428571234,-0.030000000000001137,2653.0,-0.23000000000000398
61.16295764536995,104.76929834281253,104.60242233022916,0.2357857142857124,0.04000000000000625,5467.0,-0.2610000000000099
51.232711966325816,104.72603867425002,104.59771544163591,0.2462857142857128,-0.27899999999999636,3728.0,0.10999999999999943
41.10807113543076,104.68143093940002,104.58869492338488,0.23335714285714154,-0.24899999999999523,6663.0,0.17900000000000205
42.63824117255153,104.66754475152001,104.59091445449108,0.24192857142857044,-0.1700000000000017,5113.0,0.0799999999999983
44.55190199871062,104.666635801216,104.59777974453955,0.23542857142857088,-0.15000000000000568,1907.0,0.12000000000000455
47.651006711409636,104.6697086409728,104.60580072125008,0.2355714285714287,-0.269999999999996,2228.0,0.21099999999999852
46.93877551020396,104.67416691277823,104.61401017636912,0.23557142857142768,-0.32100000000001216,4992.0,0.12000000000000455
49.019607843137216,104.69593353022259,104.63010444528635,0.2269999999999998,0.01999999999999602,4621.0,0.03310000000000457
48.03464357095279,104.73534682417807,104.65514211716383,0.22342857142857145,0.10099999999999909,9237.0,0.09000000000000341
43.392504930966226,104.75067745934246,104.67008096314824,0.2134999999999993,0.1799999999999926,2721.0,-0.09000000000000341
52.08218963218572,104.76376196747397,104.6839875380865,0.20471428571428468,0.08310000000000173,6926.0,-0.28410000000000935
56.758669497523044,104.80760957397918,104.71246491541159,0.22564999999999966,0.10999999999999943,30016.0,-0.49099999999999966
52.97225891677635,104.79048765918334,104.71337301870572,0.24136428571428528,0.16899999999999693,4386.0,-0.1490000000000009
43.73050530255755,104.73879012734668,104.69609939787661,0.23993571428571414,0.028999999999996362,1548.0,0.060000000000002274
37.32534930139732,104.68943210187734,104.6766613599836,0.22779285714285688,-0.11999999999999034,5488.0,0.14000000000000057
50.79113924050617,104.66614568150187,104.66678884950898,0.209935714285713,-0.09000000000000341,2408.0,0.0800000000000125
53.609083536090765,104.6513165452015,104.6596661019367,0.20422142857142841,-0.09000000000000341,8120.0,0.021000000000000796
50.85910652921005,104.6474532361612,104.65703123508558,0.20265000000000047,-0.05999999999998806,6725.0,0.01999999999999602
49.55908289241663,104.64856258892895,104.65664730793458,0.20922142857142895,-0.12999999999999545,4964.0,-0.20300000000000296
47.01298701298694,104.64145007114317,104.65249042146462,0.21247857142857132,-0.28000000000000114,4845.0,-0.25
48.310810810811184,104.64356005691454,104.65244371465846,0.22033571428571516,-0.1599999999999966,8914.0,-0.5190000000000055
37.142857142857366,104.60484804553163,104.63316336088147,0.23097857142857134,-0.366100000000003,4944.0,-0.42799999999999727
29.166666666666956,104.5564784364253,104.607433516988,0.24454999999999977,-0.6200000000000045,13032.0,-0.2909999999999968
26.108374384236726,104.47178274914023,104.56224937251295,0.254407142857143,-0.5889999999999986,3579.0,-0.15200000000000102
24.013351659140028,104.38182619931219,104.51079705132125,0.2546928571428576,-0.5099999999999909,4912.0,-0.16100000000000136
17.71793054571225,104.31986095944976,104.46900685595732,0.22882857142857102,-0.4200000000000017,3749.0,-0.09000000000000341
20.145044319097508,104.2520887675598,104.42253001253282,0.21182857142857106,-0.5919999999999987,7033.0,0.07100000000001216
21.34927412467991,104.17387101404783,104.36905096372017,0.21061428571428564,-0.7309999999999945,4895.0,0.3709999999999951
29.632587859424632,104.13549681123827,104.3321889671754,0.21854285714285737,-0.6500000000000057,12605.0,0.37000000000000455
29.008863819501173,104.11879744899062,104.30550430363489,0.23140000000000072,-0.6009999999999991,7409.0,0.48099999999999454
37.161198288159795,104.1414379591925,104.2985038937649,0.25504285714285607,-0.3810000000000002,8852.0,0.37189999999999657
40.55330634277999,104.183550367354,104.30359876102538,0.2671857142857123,-0.29999999999999716,10714.0,0.09999999999999432
46.34591961023128,104.2534402938832,104.32544649807059,0.27347142857142615,0.08299999999999841,5225.0,-0.2600000000000051
49.72801721561349,104.32353223510655,104.35196587920673,0.28401428571428305,0.24089999999999634,13233.0,-0.3918999999999926
44.40026878709808,104.34922578808525,104.3614929383299,0.2890785714285684,0.3190000000000026,21000.0,-0.028999999999996362
44.979577944179475,104.3339806304682,104.35306503944135,0.2869357142857112,0.25099999999999056,10183.0,0.10900000000000887
45.65292491939203,104.30958450437457,104.33963027378027,0.2841499999999968,0.14000000000000057,7334.0,0.0309999999999917
58.441029223425645,104.33226760349966,104.34757024770596,0.2792214285714252,0.4420000000000073,11021.0,-0.0799999999999983
60.923655783469016,104.34221408279973,104.35084927173396,0.2777214285714251,0.5210000000000008,9983.0,-0.40100000000001046
54.9228466144632,104.32237126623978,104.3405779125212,0.2940785714285679,0.2609999999999957,12173.0,-0.3019999999999925
60.3677397181811,104.32649701299182,104.34080858751918,0.30472142857142515,0.2909999999999968,20291.0,-0.39100000000000534
53.01841231512199,104.25739761039345,104.30654110299353,0.3161499999999963,-0.2510000000000048,3723.0,-0.05999999999998806
48.92490035661851,104.19411808831477,104.2717276646132,0.30672142857142454,-0.41100000000000136,4691.0,-0.24900000000000944
47.29407944582723,104.14569447065182,104.24127741084051,0.29314999999999614,-0.5810000000000031,4506.0,-0.3019999999999925
40.846479868142374,104.10075557652145,104.21077480028427,0.2852928571428543,-0.6828999999999894,2789.0,-0.257000000000005
31.74576833720515,104.01900446121716,104.16136767644767,0.28450714285714135,-0.7600000000000051,4825.0,0.2669000000000068
23.54386385426652,103.94520356897374,104.11266599297646,0.2773642857142846,-0.6229999999999905,3484.0,-0.347999999999999
20.84496556858369,103.88896285517899,104.06993589840728,0.28120714285714143,-0.5480000000000018,9538.0,-0.3919999999999959
35.95076642543732,103.90295028414319,104.05936105093993,0.3034285714285697,-0.46410000000000196,16812.0,-0.7579000000000065
28.25600143317814,103.78276022731455,103.98723142704088,0.33399285714285604,-1.0799999999999983,2009.0,-0.01100000000000989
28.653828685620823,103.68060818185164,103.91911414827509,0.32635,-0.9709999999999894,3937.0,-0.05100000000000193
20.36569987389646,103.5846865454813,103.85072232462984,0.32336428571428605,-1.1420000000000101,1135.0,-0.0589999999999975
24.15671783210152,103.52594923638505,103.79741543656986,0.3219357142857149,-0.6899999999999977,2821.0,-0.2289999999999992
24.973062983642038,103.46495938910803,103.74251872832511,0.311078571428573,-0.7199999999999989,3016.0,-0.1490000000000009
20.28404592240669,103.40036751128642,103.68532646848462,0.2960071428571445,-0.8100000000000023,2853.0,-0.18099999999999739
23.57372900851145,103.33269400902914,103.62596204291465,0.27729285714285873,-0.8590000000000089,2104.0,-0.021000000000000796
24.572799625468107,103.28055520722332,103.57320375311326,0.27522142857143045,-0.6199999999999903,3392.0,0.19899999999999807
22.606147722246874,103.21664416577865,103.51489863376914,0.2767214285714305,-0.6890000000000072,5432.0,0.3709999999999951
26.316072774249008,103.18151533262292,103.46976543055302,0.28129285714285857,-0.6230000000000047,5738.0,0.4099999999999966
38.675489563159246,103.19941226609834,103.45083538954798,0.2837214285714294,-0.6878999999999991,4957.0,0.3199999999999932
41.53264458408747,103.22592981287866,103.43951773340055,0.28522142857142946,0.029999999999986926,5516.0,0.35900000000000887
44.628807746620765,103.27094385030293,103.4406112826005,0.27807857142857273,0.17899999999998784,3122.0,0.27000000000001023
39.936539197986676,103.33495508024234,103.45493401759093,0.25007857142857304,0.39000000000000057,646.0,0.020000000000010232
65.30291109362653,103.40616406419387,103.47741649210607,0.20672857142857332,0.4000000000000057,549.0,-0.0589999999999975
67.66325727773358,103.4691312513551,103.5006149214293,0.20601428571428723,0.5,889.0,-0.11899999999999977
65.64885496183228,103.49750500108408,103.51112778605508,0.20607142857142996,0.4690000000000083,1016.0,0.1910000000000025
63.73892022562467,103.52440400086726,103.52263942547842,0.20821428571428718,0.5700000000000074,963.0,-0.07900000000000773
65.86178184845934,103.5399232006938,103.53019757543285,0.21257142857142952,0.5300000000000011,697.0,0.06799999999999784
74.96217851739797,103.59233856055505,103.55608352062973,0.2275714285714301,0.8410000000000082,1583.0,0.1389999999999958
66.46545942320557,103.58447084844404,103.55578985199833,0.2512857142857164,0.5120000000000005,5506.0,0.2400000000000091
68.7108886107631,103.60157667875524,103.56666700895087,0.27828571428571636,0.3990000000000009,4765.0,0.12199999999999989
77.87258248009074,103.66946134300419,103.60231777000317,0.2882857142857164,0.6090000000000089,3134.0,-0.10999999999999943
70.59145673603507,103.69416907440335,103.62047798238382,0.28292857142857436,0.34200000000001296,1274.0,-0.02200000000000557
66.31183469004364,103.71373525952268,103.63681341263297,0.2665000000000027,0.20100000000000762,1160.0,-0.04999999999999716
65.84126984126982,103.73718820761815,103.6553073733346,0.26657142857143057,0.14000000000000057,1536.0,-0.0799999999999983
60.55408970976254,103.74395056609451,103.6663257187313,0.26157142857143106,0.04999999999999716,1516.0,-0.25
55.373665480427306,103.74356045287561,103.67353279313784,0.2551428571428594,0.13100000000000023,1998.0,-0.21130000000000848
52.283105022831094,103.7450483623005,103.6809106223628,0.2629285714285733,0.11899999999999977,1771.0,-0.32340000000000657
43.39498018494057,103.70023868984039,103.66568103928063,0.2757142857142877,-0.08100000000000307,1566.0,-0.07000000000000739
47.15993492254342,103.66633095187231,103.65282570220629,0.2750714285714305,-0.27130000000001075,823.0,0.16030000000000655
43.16753576681359,103.61858476149784,103.63137563532949,0.27212142857143007,-0.12539999999999907,1231.0,0.4223999999999961
44.930163846360145,103.58506780919828,103.61419700339334,0.27797857142857346,-0.2190000000000083,2940.0,0.15000000000000568
46.370651320952035,103.60625424735862,103.62151157449874,0.28712142857143064,-0.25,2719.0,0.09099999999999397
60.31823235130618,103.6550033978869,103.64327237692743,0.27412142857142946,0.05699999999998795,1071.0,-0.06850000000000023
47.80422606924634,103.64420271830951,103.63924643626767,0.2576928571428577,-0.1910000000000025,1340.0,0.20100000000000762
44.63273021874131,103.67176217464761,103.65284201376599,0.2569071428571438,-0.049000000000006594,1532.0,-0.06999999999999318
49.56886856114522,103.69370973971809,103.66509515531209,0.24626428571428655,0.010499999999993292,1553.0,-0.11049999999998761
50.36949453148113,103.71536779177447,103.67813371194903,0.2455500000000015,0.060000000000002274,3295.0,-0.2810000000000059
45.76271186440679,103.71469423341958,103.6813590727158,0.2483357142857169,-0.03900000000000148,1562.0,-0.10099999999999909
46.390412936760235,103.70595538673567,103.6803724943619,0.2563357142857165,0.15000000000000568,1165.0,0.0309999999999917
42.663656884875756,103.66896430938853,103.66519416156554,0.25912142857143194,-0.009699999999995157,944.0,0.1599999999999966
45.589717741935495,103.65737144751083,103.66003281284502,0.25340714285714633,0.183400000000006,1028.0,0.1910000000000025
56.249136859549694,103.66629715800866,103.66402968781216,0.24290714285714493,0.2510000000000048,1710.0,-0.006000000000000227
55.1490236382323,103.66923772640693,103.66564590802052,0.24005000000000262,-0.010000000000005116,965.0,-0.060000000000002274
62.670908352511304,103.69579018112555,103.67863201201857,0.23942857142857374,-0.04799999999998761,1285.0,-0.4200000000000017
57.8525641025641,103.69583214490044,103.68028610611204,0.22864285714285973,0.09499999999999886,2630.0,-0.3649999999999949
47.49103942652307,103.68086571592035,103.67463981029184,0.21514285714285922,-0.16100000000000136,1163.0,-0.26899999999999125
34.13559322033959,103.62109257273627,103.6467693521688,0.21935714285714475,-0.3994999999999891,155.0,0.0
39.4283476898986,103.56307405818902,103.61669608053369,0.20864285714285963,-0.47100000000000364,92.0,0.10099999999999909
30.752014324083262,103.52085924655121,103.59148693000667,0.19578571428571628,-0.35999999999999943,324.0,0.030000000000001137
32.577409507196776,103.49308739724097,103.57153579381556,0.1928571428571441,-0.2890000000000015,256.0,0.06999999999999318
34.26870748299322,103.48086991779277,103.55824667059503,0.18792857142857247,-0.08899999999999864,124.0,-0.0799999999999983
35.47535211267626,103.46109593423422,103.5414612733955,0.17507142857142913,-0.2289999999999992,366.0,-0.030000000000001137
40.600858369098404,103.45927674738738,103.53294115211973,0.163571428571429,-0.25,933.0,-0.05100000000000193
42.42152466367723,103.4378213979099,103.51570866144166,0.1557857142857141,-0.3289999999999935,109.0,0.09999999999999432
37.365853658536466,103.42065711832792,103.50011736035198,0.14871428571428627,-0.45000000000000284,328.0,0.11899999999999977
34.68972533062029,103.41672569466233,103.49067761174703,0.14571428571428616,-0.2950000000000017,423.0,0.021000000000000796
38.696939782823236,103.42378055572986,103.48699402967588,0.1421428571428578,-0.16899999999999693,115.0,-0.06099999999999284
31.833150384192777,103.43322444458389,103.48547078875437,0.145071428571429,0.08899999999999864,975.0,-0.07800000000000296
33.95784543325493,103.43097955566711,103.47942595173015,0.13928571428571448,0.09099999999999397,82.0,-0.17099999999999227
35.80246913580264,103.42298364453369,103.47100443251776,0.12149999999999953,0.03900000000000148,597.0,-0.13000000000000966
50.959860383943806,103.41698691562695,103.46357543894464,0.10771428571428641,0.01099999999999568,240.0,-0.15099999999999625
43.975903614457714,103.38378953250157,103.44333015904516,0.11078571428571442,-0.18099999999999739,263.0,0.07099999999999795
43.032159264930065,103.35923162600125,103.42596538199324,0.11078571428571442,-0.12100000000000932,185.0,0.060000000000002274
39.09657320872191,103.33578530080099,103.40844486942245,0.11007142857142936,-0.20999999999999375,46.0,0.01279999999999859
41.81547619047567,103.3330282406408,103.40021202471556,0.10992857142857153,-0.030000000000001137,140.0,-0.010000000000005116
45.10433386837795,103.33062259251264,103.39266802236169,0.12064285714285765,-0.03100000000000591,311.0,-0.23900000000000432
34.076227390180335,103.31545807401011,103.37953773451773,0.1220714285714288,-0.14619999999999322,399.0,0.06619999999999493
46.53018736988127,103.31476645920809,103.37310556932556,0.13057142857142878,-0.14000000000000057,84.0,-0.3400000000000034
33.258928571427276,103.26821316736647,103.34538122938979,0.14407142857142827,-0.38900000000001,950.0,-0.18999999999999773
45.98554797270173,103.27877053389318,103.34305920754313,0.1655000000000005,-0.10099999999999909,2350.0,-0.24899999999999523
31.458590852904408,103.21741642711454,103.30772023539618,0.1904285714285712,-0.41900000000001114,684.0,0.10000000000000853
28.640991589198066,103.15233314169163,103.26812783202512,0.19557142857142853,-0.5010000000000048,3490.0,0.26900000000000546
38.226587728740576,103.1362665133533,103.24944899087987,0.202928571428571,-0.17900000000000205,390.0,-0.05100000000000193
39.04081352205558,103.12341321068264,103.23254908698655,0.2086428571428566,-0.18899999999999295,1426.0,-0.01099999999999568
42.479253112033156,103.13093056854612,103.22573488822593,0.2094999999999995,-0.08100000000000307,494.0,-0.09999999999999432
42.53440664762382,103.1089444548369,103.20623632744251,0.22007142857142878,-0.30100000000000193,1821.0,0.18999999999999773
43.632195618950966,103.09935556386952,103.19240429625751,0.2343571428571433,-0.2599999999999909,618.0,0.21099999999999852
44.1665592368185,103.09168445109562,103.17988960137583,0.242285714285714,-0.19379999999999598,730.0,0.18999999999999773
46.57703219439979,103.1155475608765,103.1828524964829,0.2580714285714275,-0.10099999999999909,418.0,0.0010000000000047748
48.542880932556436,103.1468380487012,103.19134273491309,0.25164285714285584,0.19000000000001194,1997.0,-0.20100000000000762
49.8838772766166,103.16767043896095,103.19702437920708,0.24807142857142747,-0.06999999999999318,254.0,-0.10999999999999943
46.909765142151024,103.17653635116876,103.1984506288064,0.24599999999999916,0.2400000000000091,2372.0,0.028999999999996362
49.64028776978432,103.15542908093501,103.18631247368198,0.23892857142857032,0.17900000000000205,497.0,0.18099999999999739
43.38235294117688,103.152543264748,103.18199699999798,0.21983571428571377,0.06900000000000261,548.0,0.1909999999999883
62.106210621062154,103.1702346117984,103.1876163333315,0.20133571428571376,0.16899999999999693,1063.0,-0.16100000000000136
67.27447216890566,103.18658768943872,103.19374811110946,0.191121428571428,0.09099999999999397,347.0,0.20000000000000284
63.80042462844951,103.21567015155098,103.20691495767046,0.19812142857142792,0.31099999999999284,3608.0,0.05000000000001137
50.3350083752092,103.18853612124079,103.1948278188447,0.218907142857143,0.018999999999991246,1650.0,0.2909999999999968
59.85104942450901,103.24122889699262,103.21932040752615,0.23412142857142829,0.39099999999999113,632.0,0.18999999999999773
62.828713574982416,103.2693831175941,103.23481370204748,0.22990714285714173,0.17100000000000648,1198.0,0.1389999999999958
61.248185776487226,103.28970649407528,103.247783825662,0.22934285714285657,0.09899999999998954,818.0,-0.1939999999999884
67.61673741661579,103.36016519526022,103.285328223218,0.2457000000000004,0.39099999999999113,6745.0,-0.4099999999999966
59.56790123456795,103.39233215620818,103.3077731543401,0.25427142857142926,0.3089999999999975,4714.0,-0.5589999999999975
47.50394114555966,103.34926572496654,103.29531856821247,0.27420000000000044,0.10600000000000875,4494.0,-0.0660000000000025
49.509550851832586,103.32581257997323,103.2892882283827,0.2927714285714294,0.09099999999999397,3926.0,-0.10760000000000502
44.23431734317338,103.25305006397859,103.25811792091768,0.3019857142857144,-0.27899999999999636,1866.0,0.33899999999999864
50.91911764705899,103.22464005118287,103.2441066903541,0.3072571428571424,-0.14099999999999113,6443.0,0.1799999999999926
49.608379730112034,103.2045920409463,103.23270605317752,0.31777857142857,-0.20759999999999934,1919.0,0.1466000000000065
51.366120218579304,103.22387363275703,103.2392102385892,0.32539285714285676,0.22100000000000364,4022.0,-0.07900000000000773
50.88838268792714,103.23729890620562,103.24414259681879,0.3332500000000006,-0.16100000000000136,4716.0,0.030000000000001137
48.57142857142873,103.2440391249645,103.24670044474081,0.3290357142857151,-0.1110000000000042,3156.0,0.1110000000000042
53.67494824016555,103.2396312999716,103.24434802143216,0.31817857142857214,-0.1490000000000009,5980.0,0.1600000000000108
46.05183845690172,103.25590503997728,103.2516482098672,0.315250000000001,-0.32099999999999795,2547.0,0.20900000000000318
50.0,103.28112403198182,103.26406266607032,0.3111071428571433,-0.1389999999999958,3103.0,-0.020000000000010232
50.33557046979895,103.30129922558545,103.27529479311124,0.30459999999999965,0.2049999999999983,1904.0,0.04899999999999238
46.30606860158326,103.34703938046836,103.29955243186255,0.29902857142857087,0.2980000000000018,4004.0,-0.15900000000000603
44.91362763915528,103.35003150437468,103.30549981930422,0.2934571428571431,0.3999999999999915,4030.0,0.7600000000000051
59.86024844720452,103.36622520349975,103.31745221746571,0.3003,0.3199999999999932,12592.0,0.5300000000000011
55.375096674400375,103.3671801627998,103.3225520062785,0.33583571428571446,0.24660000000000082,14076.0,0.8610000000000042
82.69447576099148,103.51814413023983,103.39868991044246,0.3666928571428575,0.820999999999998,5043.0,0.12000000000000455
73.79619260918197,103.60671530419187,103.45224325230508,0.36849285714285734,0.6700000000000017,4878.0,0.4181999999999988
77.09923664122095,103.73177224335349,103.5265057997046,0.3721357142857146,0.9609999999999985,2357.0,0.09099999999999397
75.06659563132615,103.83381779468279,103.59464810449464,0.36880714285714233,1.0200000000000102,9448.0,-0.14000000000000057
77.14798922263213,103.94289423574622,103.669367332638,0.3700214285714267,1.0581999999999994,10071.0,-0.3481999999999914
75.77925896882903,104.01891538859698,103.73161806286295,0.3739642857142838,0.9409999999999883,22494.0,-0.5219999999999914
69.8879045380583,104.03553231087758,103.76689253306648,0.37553571428571175,0.7199999999999989,2494.0,-0.4210000000000065
66.2516022706465,104.03462584870206,103.7920456251554,0.37267857142856947,0.5010000000000048,4060.0,-0.18000000000000682
58.902014107248995,103.98790067896165,103.79289842275965,0.3891071428571422,0.43900000000000716,5147.0,-0.01999999999999602
56.044311474084076,103.92652054316932,103.78224143011587,0.3883214285714282,0.25,1247.0,-0.009999999999990905
56.43183457561905,103.91141643453545,103.78878986534293,0.38753571428571426,0.480000000000004,4049.0,0.03100000000000591
58.738633519646505,103.88533314762836,103.78804797340551,0.3758928571428563,-0.340999999999994,2751.0,0.10099999999999909
54.92125984251987,103.84246651810268,103.77690054736689,0.35412142857142775,-0.28999999999999204,4008.0,0.14099999999999113
59.86715069128003,103.85037321448215,103.78691001904623,0.3185857142857123,-0.3499999999999943,5003.0,-0.04000000000000625
43.472584856396985,103.85669857158572,103.7959662077085,0.27429999999999766,-0.35999999999999943,4213.0,0.0689999999999884
45.73652283392466,103.84775885726857,103.79749323554579,0.2695142857142849,-0.5671999999999997,5008.0,0.1700000000000017
37.055231014338794,103.84660708581485,103.80173197501762,0.2551571428571425,-0.48099999999999454,7184.0,0.15000000000000568
40.93683817117189,103.86748566865188,103.81594797739689,0.2529428571428574,-0.15100000000001046,2998.0,0.27200000000000557
36.75293489861267,103.8903885349215,103.83176245574005,0.24530000000000132,-0.049000000000006594,11659.0,0.21999999999999886
38.60977288368933,103.9107108279372,103.847023174241,0.25007142857142994,0.1910000000000025,11619.0,0.2779999999999916
54.13533834586446,103.97316866234975,103.88283049097996,0.2601428571428589,0.5420000000000016,6351.0,0.07000000000000739
56.05095541401242,104.0189349298798,103.9132275870771,0.26092857142857284,0.3509999999999991,7019.0,0.07000000000000739
68.74500399680225,104.06914794390384,103.94720591211738,0.250785714285715,0.4889999999999901,8167.0,0.44299999999999784
76.51646447140396,104.11391835512308,103.98013868239192,0.25157142857142895,0.6219999999999999,9938.0,-0.2950000000000017
70.94527363184092,104.14553468409846,104.0079349983546,0.2679999999999997,0.39000000000000057,33757.0,-0.46000000000000796
83.86627906976689,104.25902774727876,104.07508404613036,0.3095714285714288,0.8309999999999889,25402.0,-0.9609999999999985
58.253407370015125,104.20682219782302,104.06774270840366,0.360357142857143,0.18600000000000705,5717.0,-0.2980000000000018
48.21063394683008,104.12785775825841,104.04338625998426,0.3528071428571441,-0.030000000000001137,6981.0,-0.07099999999999795
46.775793650793425,104.05268620660674,104.0156351876048,0.35937857142857255,-0.19899999999999807,12244.0,0.1980000000000075
47.19719719719731,103.98214896528539,103.9855746935472,0.35937857142857255,-0.2819999999999965,10187.0,0.5030000000000001
47.48631159780986,103.93391917222831,103.96228186559033,0.36795000000000044,-0.2510000000000048,13752.0,0.561000000000007
49.97629208155546,103.93713533778265,103.96111216410553,0.385235714285714,-0.27299999999999613,6146.0,0.06199999999999761
54.740454740454844,103.99030827022612,103.98414910085738,0.4010928571428565,0.0010000000000047748,11540.0,-0.3149999999999977
56.40495867768603,104.0526466161809,104.01442061506144,0.4080928571428564,0.03200000000001069,21931.0,-0.40100000000001046
45.744251714400995,104.04451729294472,104.01419008029369,0.4100928571428568,-0.2810000000000059,11091.0,-0.31100000000000705
43.919442292796404,104.01321383435578,104.00217197740858,0.4057357142857135,-0.38400000000000034,10205.0,-0.3370000000000033
42.698852394143216,103.99077106748463,103.99253655098872,0.4119499999999994,-0.8119999999999976,11132.0,-0.4899999999999949
39.0532544378695,103.9328168539877,103.96477116518027,0.42609285714285605,-0.29700000000001125,20045.0,-0.16899999999999693
37.27497352629701,103.85645348319017,103.92536438754405,0.4060214285714271,-0.2609999999999957,3411.0,0.10999999999999943
24.289099526066323,103.76736278655213,103.87637730301604,0.36523571428571294,-0.340999999999994,4186.0,0.21999999999999886
37.97729618163026,103.7202902292417,103.84357946463356,0.3194499999999993,-0.16800000000000637,14139.0,-0.021000000000000796
45.986177565125,103.70843218339336,103.82619094419228,0.3212142857142847,-0.0799999999999983,12087.0,-0.3299999999999983
46.73149648838476,103.69294574671468,103.80760133045968,0.3173571428571427,-0.3190000000000026,21188.0,-0.3100000000000023
45.07556018759752,103.65655659737175,103.77935358470161,0.3321428571428565,-0.6920000000000073,5727.0,-0.18899999999999295
40.03887269193397,103.59144527789739,103.73665324330146,0.32785714285714207,-0.9710000000000036,12451.0,0.009999999999990905
33.08230231307137,103.53735622231791,103.6970672201299,0.3077857142857131,-0.6910000000000025,2780.0,-0.25
22.588674548848758,103.49428497785433,103.66134653249847,0.3014285714285703,-0.5660000000000025,10940.0,-0.29999999999999716
18.533071381793675,103.46362798228347,103.6308373389272,0.2984999999999981,-0.5600000000000023,11545.0,-0.3189999999999884
18.77903118778974,103.38510238582677,103.5775194971246,0.29342857142856865,-0.6299999999999955,4110.0,-0.14999999999999147
19.762569832401695,103.31248190866141,103.52461287835082,0.2929285714285693,-0.5289999999999964,7496.0,-0.06100000000000705
19.02748414376316,103.25438552692913,103.47674498517455,0.2839999999999979,-0.3889999999999958,6169.0,0.01999999999999602
20.45454545454548,103.1877084215433,103.4238168913484,0.2733571428571417,-0.61099999999999,7717.0,0.0899999999999892
25.61983471074325,103.14236673723464,103.37973909217236,0.26628571428571285,-0.7000000000000028,7224.0,-0.09099999999999397
33.97046046915702,103.12229338978771,103.34757346434642,0.2727142857142845,-0.5889999999999986,11771.0,-0.3709999999999951
25.447690857681224,103.10003471183018,103.31551884869438,0.2799999999999991,-0.5,13906.0,-0.3289999999999935
13.14072693382981,103.05402776946414,103.27308848215206,0.28428571428571253,-0.4609999999999985,8365.0,-0.5580000000000069
11.352657004830434,102.97742221557131,103.2157467219471,0.3034999999999976,-0.6499999999999915,10683.0,-0.3689999999999998
13.415710503088377,102.91833777245705,103.16491370080928,0.3176428571428543,-0.6400000000000006,20714.0,-0.6009999999999991
11.489040060467815,102.79707021796564,103.08368382454172,0.34985714285714054,-1.0289999999999964,6607.0,-0.3119999999999976
11.489040060467929,102.69805617437251,103.00923774601394,0.36421428571428394,-0.7689999999999912,11307.0,0.19899999999999807
9.786130913803348,102.57464493949801,102.92083415115546,0.38542857142857045,-0.9410000000000025,26109.0,0.789999999999992
8.224299065420126,102.45971595159841,102.83313566056923,0.4035000000000001,-1.0220000000000056,22185.0,0.8010000000000019
34.477124183006595,102.46797276127873,102.80150369289596,0.44150000000000084,-0.4200000000000017,16123.0,0.4510999999999967
46.499768196569036,102.54857820902298,102.80812238881063,0.4527142857142853,-0.09000000000000341,3739.0,0.15000000000000568
45.03816793893116,102.59906256721838,102.80744406606676,0.4582857142857141,-0.24099999999999966,12119.0,0.1799999999999926
50.68288612709137,102.66967005377471,102.82122082167946,0.46042857142857024,-0.05889999999999418,1298.0,0.11789999999999168
51.300954032957556,102.73993604301977,102.84024741009094,0.4568571428571429,0.15099999999999625,1725.0,0.04000000000000625
48.65342163355392,102.78814883441581,102.85365241865371,0.45121428571428523,0.30999999999998806,3041.0,0.291000000000011
51.26990959965558,102.84451906753264,102.8742569502105,0.43678571428571394,0.387999999999991,3091.0,0.1530000000000058
54.35874030123242,102.88781525402612,102.8920420025714,0.43349285714285707,0.7490000000000094,3975.0,-0.010000000000005116
63.640490240581165,102.9646522032209,102.92822847851698,0.4172785714285721,0.9699999999999989,3497.0,-0.15000000000000568
62.070504239178945,103.01632176257671,102.95630195675346,0.3946357142857155,1.141999999999996,3354.0,-0.20199999999999818
68.08614782183093,103.02325741006136,102.96532081801504,0.36185000000000095,1.051000000000002,3718.0,-0.1490000000000009
69.4866920152091,103.04300592804908,102.98024264487076,0.34327857142857304,0.6209999999999951,2400.0,-0.29999999999999716
73.68951612903244,103.03860474243926,102.98412429774021,0.32349285714285764,0.15000000000000568,7963.0,-0.27899999999999636
72.30464886251264,103.0112837939514,102.97630293605067,0.2953500000000001,0.10099999999999909,2382.0,-0.37000000000000455
60.02498438475965,102.97342703516112,102.96160741833157,0.2430642857142859,-0.13009999999999877,2851.0,-0.04000000000000625
45.080091533181054,102.9271416281289,102.9406924261095,0.23663571428571523,-0.27899999999999636,3757.0,-0.10099999999999909
40.730530668504244,102.84811330250311,102.9017693379086,0.23599285714285806,-0.44899999999999807,6082.0,0.3500000000000085
44.51254919672218,102.83489064200249,102.89036273429826,0.23377857142857295,-0.2879999999999967,1730.0,-0.06900000000000261
38.28606658446366,102.796112513602,102.86661390246033,0.24092142857142967,-0.4200000000000017,3493.0,0.15099999999999625
47.28469555677481,102.8132900108816,102.86807924508315,0.24370714285714407,-0.39000000000000057,1779.0,0.05999999999998806
40.62007356805042,102.79323200870527,102.85330979317047,0.24656428571428637,-0.5100000000000051,2843.0,0.23900000000000432
43.182970096299954,102.79298560696422,102.84747076524947,0.24642857142857164,-0.25900000000000034,6947.0,0.2079999999999984
41.37029288702899,102.82278848557138,102.85647354951142,0.24485714285714266,-0.18000000000000682,1767.0,0.030000000000001137
42.765616657768284,102.8486307884571,102.86557130670082,0.23199999999999932,-0.06900000000000261,1363.0,0.1490000000000009
48.54202401372208,102.87890463076567,102.87837403939598,0.2249214285714284,0.09799999999999898,2166.0,-0.058000000000006935
45.60375146541606,102.89752370461254,102.88729079754874,0.23056428571428508,0.14999999999999147,2603.0,-0.12999999999999545
52.30680507497108,102.93821896369003,102.90764405492506,0.22327857142857052,0.35899999999999466,7462.0,-0.06199999999999761
51.127395715896036,102.93897517095202,102.9109160496941,0.22249285714285655,0.4099999999999966,3382.0,0.3680000000000092
50.557413600891735,102.91958013676161,102.9043526163899,0.22542142857142775,0.060000000000002274,9645.0,0.5510000000000019
57.77080062794329,102.94346410940929,102.91717617673372,0.23820714285714217,0.39799999999999613,8738.0,0.38299999999999557
69.72616632860033,103.01677128752743,102.95458796942575,0.24756428571428504,0.42799999999999727,5638.0,0.15200000000000102
66.92520775623261,103.09201703002195,102.9963414961471,0.24056428571428512,0.6800000000000068,2689.0,0.07099999999999795
73.06556408741818,103.15801362401756,103.03688040127594,0.23113571428571333,0.6299999999999955,3632.0,0.09900000000000375
69.43699731903436,103.21881089921405,103.07736798210681,0.2182071428571421,0.5200000000000102,2403.0,0.12999999999999545
78.33962264150925,103.26784871937124,103.11419007904901,0.21106428571428434,0.5120000000000005,4460.0,0.32800000000000296
77.9739063699153,103.318478975497,103.15293388104435,0.20049285714285706,0.5210000000000008,6422.0,0.340999999999994
76.55228758169919,103.3731831803976,103.19474970189727,0.2077071428571427,0.6200000000000045,5737.0,0.20000000000000284
79.7029702970295,103.45694654431809,103.25163068266896,0.22406428571428552,0.6910000000000025,2749.0,-0.1110000000000042
80.01392757660135,103.53795723545447,103.30976109384335,0.23657142857142738,0.9200000000000017,10711.0,-0.2809999999999917
77.74018944519656,103.58876578836357,103.35568860871541,0.23728571428571246,0.9500000000000028,2542.0,-0.1110000000000042
69.86301369863017,103.60721263069085,103.38667064598062,0.23935714285714177,0.6419999999999959,1306.0,0.010000000000005116
72.80513918629616,103.60197010455268,103.40517820350627,0.23092857142856968,0.2710000000000008,3015.0,0.12999999999999545
79.9428979300503,103.61777608364214,103.43144694602948,0.225285714285712,0.2879999999999967,5862.0,0.06199999999999761
76.85337726523926,103.63242086691372,103.45616628450287,0.1996428571428542,0.26900000000000546,2283.0,-0.04999999999999716
70.82035306334396,103.64813669353097,103.48043616216927,0.18099999999999636,0.24899999999999523,4044.0,-0.09999999999999432
69.18859649122822,103.66710935482477,103.50544224196267,0.18864285714285348,0.27899999999999636,9443.0,-0.2009999999999934
61.116751269036286,103.66188748385981,103.51835250463289,0.19171428571428248,0.12000000000000455,4948.0,-0.3790000000000049
57.641025641025955,103.65170998708786,103.52717607562023,0.20178571428571043,0.019000000000005457,9726.0,-0.46999999999999886
53.74280230326319,103.62976798967028,103.52858787794212,0.22314285714285478,-0.25,9075.0,-0.4609999999999985
39.76284584980213,103.55621439173623,103.50319855623334,0.240714285714283,-0.5999999999999943,3338.0,-0.08100000000000307
32.85171102661582,103.47317151338899,103.4687034556397,0.23571428571428246,-0.6509999999999962,1867.0,-0.10900000000000887
19.744680851063094,103.3947372107112,103.43177931700734,0.22435714285713917,-0.5999999999999943,4023.0,-0.028999999999996362
21.74273858921103,103.35198976856896,103.40789557253045,0.22028571428571148,-0.4000000000000057,2042.0,-0.1599999999999966
20.4049844236753,103.28799181485516,103.37209599419421,0.22314285714285478,-0.6490000000000009,6125.0,-0.04099999999999682
23.637887678122397,103.24079345188413,103.34161066141381,0.21528571428571194,-0.6389999999999958,977.0,0.018999999999991246
25.08896797153004,103.1968347615073,103.31107631270773,0.2119285714285693,-0.6899999999999977,1530.0,0.01099999999999568
17.26755218216337,103.15566780920584,103.28059285435461,0.2125714285714275,-0.7519999999999953,3613.0,0.10080000000000666
22.41992882562245,103.13873424736467,103.26063163013036,0.2242857142857133,-0.5700000000000074,7651.0,-0.09000000000000341
20.297462817147775,103.11738739789173,103.23885718916557,0.21992857142857097,-0.5790000000000077,1999.0,-0.1599999999999966
22.189955585924963,103.11226991831339,103.22485174257838,0.2083857142857133,-0.45019999999999527,4891.0,-0.27080000000000837
22.024415055951565,103.0860159346507,103.20162776709472,0.2183714285714282,-0.2810000000000059,2525.0,-0.31799999999999784
20.641983155888013,103.04321274772056,103.17023464641903,0.22544285714285703,-0.26900000000000546,1600.0,-0.2009999999999934
20.941479929067114,102.99877019817644,103.13697420390294,0.21265714285714157,-0.2600000000000051,1078.0,-0.20999999999999375
23.225460396925257,102.93161615854116,103.09183380353123,0.20694285714285598,-0.5180000000000007,2669.0,-0.012000000000000455
26.630867143994706,102.87949292683292,103.05175439367112,0.20637142857142773,-0.36099999999999,3064.0,0.2809999999999917
26.630867143994706,102.82579434146633,103.00977778475006,0.20708571428571382,-0.4410000000000025,2572.0,0.1799999999999926
21.975465313029943,102.79083547317306,102.97560847191671,0.21051428571428538,-0.37000000000000455,4922.0,0.10999999999999943
46.35568513119556,102.82306837853845,102.97336004601989,0.2155142857142859,-0.03900000000000148,2646.0,-0.07099999999999795
39.46391086710791,102.81665470283076,102.95599242258943,0.2319428571428566,-0.28000000000000114,4963.0,0.23000000000000398
39.49579831932777,102.80552376226461,102.93742171567615,0.23451428571428526,-0.2710000000000008,3150.0,0.23100000000000875
45.857185899367394,102.8206190098117,102.93204821894508,0.24965714285714263,-0.2108000000000061,6360.0,0.06099999999999284
48.19832804842909,102.86069520784936,102.9405198171408,0.24222857142857127,0.04000000000000625,1801.0,-0.15000000000000568
48.54819976771228,102.88695616627949,102.94542269169881,0.24594285714285746,0.12000000000000455,2407.0,-0.18999999999999773
44.52405322415522,102.89796493302359,102.94509672106082,0.24977142857143012,0.12099999999999511,4524.0,-0.16099999999998715
45.85843373493984,102.89257194641887,102.9380398904836,0.23892857142857135,0.2079999999999984,1717.0,-0.0899999999999892
47.28260869565246,102.8744575571351,102.92508371043753,0.22750000000000017,0.13100000000000023,1637.0,-0.11000000000001364
48.41017488076344,102.85576604570808,102.91136145230062,0.21464285714285783,0.1700000000000017,1469.0,-0.08900000000001285
55.36363636363674,102.84081283656647,102.89894607589105,0.20592857142857213,0.13000000000000966,4366.0,-0.18900000000000716
50.88907705334405,102.81105026925317,102.87923692580618,0.20121428571428726,-0.2600000000000051,2736.0,-0.11099999999999
53.61284567350527,102.78724021540253,102.86140483763417,0.20335714285714449,-0.09900000000000375,1895.0,-0.09999999999999432
47.502116850127145,102.74819217232202,102.83574723404996,0.1940000000000016,-0.16899999999999693,2087.0,0.019000000000005457
29.180695847362912,102.71475373785762,102.81148559271188,0.18835714285714392,-0.29999999999999716,2589.0,0.0309999999999917
36.57219973009459,102.6902029902861,102.7905822029298,0.17335714285714435,-0.42900000000000205,2751.0,0.019000000000005457
39.726027397260914,102.67436239222887,102.7734791359841,0.1726428571428593,-0.3810000000000002,3945.0,0.17099999999999227
27.986906710310166,102.6618899137831,102.75810017065228,0.1555000000000015,-0.3299999999999983,4576.0,0.08899999999999864
6.567796610168017,102.65171193102648,102.74409063059016,0.15835714285714378,-0.2599999999999909,3315.0,0.4509999999999934
32.89902280130161,102.67776954482119,102.74770104672443,0.17321428571428651,-0.020000000000010232,29124.0,0.2400000000000091
31.31782945736343,102.68241563585696,102.74325332798877,0.19185714285714234,-0.0800000000000125,8323.0,0.20100000000000762
60.213903743315925,102.75833250868557,102.7736101538946,0.208357142857144,0.2809999999999917,1792.0,-0.09999999999999432
62.14128035320112,102.81106600694845,102.79726632971416,0.2162857142857147,0.3300000000000125,4504.0,0.030000000000001137
56.01990049751231,102.82925280555877,102.80724096497948,0.22914285714285804,0.21000000000000796,9322.0,0.28999999999999204
58.49765258215963,102.85580224444702,102.82197992069572,0.22792857142857162,0.37000000000000455,3283.0,0.12999999999999545
66.88555347092037,102.89504179555762,102.84388659491518,0.23528571428571304,0.47100000000000364,826.0,0.1389999999999958
70.72968490879006,102.9544334364461,102.8770402525423,0.23235714285714085,0.5999999999999943,2480.0,-0.07099999999999795
70.72968490879006,102.98194674915688,102.89751260944304,0.23549999999999777,0.48099999999999454,1462.0,0.25900000000000034
73.57032457496192,103.0237573993255,102.92546378949608,0.23257142857142657,0.5790000000000077,1533.0,0.21099999999999852
69.54915003695507,103.0432059194604,102.94408628573454,0.24614285714285497,0.5099999999999909,5356.0,0.24099999999999966
73.6572890025577,103.10476473556832,102.98283997280744,0.2655714285714268,0.5690000000000026,3462.0,-0.2890000000000015
74.47335811648114,103.16421178845466,103.02275997539721,0.26685714285714013,0.7010000000000076,3790.0,-0.3100000000000023
72.71627344222588,103.20376943076373,103.05506854916891,0.2840714285714268,0.29999999999999716,6852.0,-0.2809999999999917
57.85634118967451,103.17541554461098,103.0557286873433,0.2804999999999974,0.03999999999999204,2107.0,-0.06099999999999284
61.294049682264685,103.15873243568879,103.05918309807251,0.2699999999999981,0.18999999999999773,3173.0,0.03900000000000148
50.6879073135411,103.14318594855104,103.06126089825608,0.2742857142857125,0.11899999999999977,7038.0,0.2189999999999941
49.26108374384234,103.11474875884083,103.05552176508884,0.26785714285714185,-0.05100000000000193,4581.0,0.3100000000000023
58.00139762403912,103.11799900707267,103.06271016841372,0.2742857142857125,-0.06099999999999284,1820.0,0.31099999999999284
60.97402597402583,103.15439920565814,103.08530919999336,0.27642857142856975,0.2079999999999984,962.0,0.06199999999999761
58.8637919233402,103.1857193645265,103.10680356189876,0.2693571428571419,0.12000000000000455,2654.0,-0.14000000000000057
58.60881542699725,103.23697549162121,103.13872703219411,0.26949999999999974,0.32099999999999795,2959.0,-0.34199999999999875
59.427374301675826,103.26198039329697,103.1599911243661,0.27507142857142747,0.01099999999999568,1986.0,-0.01099999999999568
49.343832020997496,103.24378431463758,103.16103958871219,0.2829285714285693,-0.23099999999999454,1086.0,0.009999999999990905
49.311475409836035,103.21502745171006,103.15522629454912,0.27942857142856986,-0.26200000000000045,1311.0,0.14100000000000534
50.0,103.24222196136805,103.17387140935396,0.2722142857142832,0.2890000000000015,2236.0,-0.16899999999999693
43.36336336336323,103.22997756909443,103.17455032274883,0.2773571428571415,0.08899999999999864,2867.0,0.15900000000000603
46.40949554896154,103.23218205527554,103.18087886343942,0.2544285714285702,0.1599999999999966,2506.0,0.0799999999999983
54.155124653739804,103.22214564422043,103.18098563834995,0.24585714285714236,0.18099999999999739,3813.0,0.0589999999999975
57.888040712468396,103.24571651537634,103.19612986326901,0.23978571428571321,0.20900000000000318,1926.0,-0.018000000000000682
57.5949367088606,103.26077321230107,103.20802225724339,0.2184999999999988,0.021000000000000796,1661.0,0.07099999999999795
57.5949367088606,103.25681856984086,103.21116299464877,0.22207142857142717,-0.07000000000000739,2144.0,-0.019000000000005457
56.237753102547416,103.2698548558727,103.22171889992032,0.21285714285714213,-0.11999999999999034,6284.0,-0.4300000000000068
53.212290502793245,103.29428388469816,103.23793614754696,0.21200000000000024,0.030000000000001137,5552.0,-0.40099999999999625
47.20301697045842,103.27982710775852,103.23641841920916,0.2356428571428566,0.05099999999998772,6824.0,-0.21099999999999852
34.63687150838001,103.20226168620681,103.20361666499876,0.25849999999999895,-0.2079999999999984,9086.0,0.17900000000000205
39.745715865119045,103.16000934896545,103.1833674588084,0.25928571428571395,-0.35999999999999943,17539.0,0.2909999999999968
45.11599511599484,103.13020747917236,103.16695151035046,0.250000000000001,-0.1700000000000017,8430.0,0.17100000000000648
49.108789182544676,103.11836598333788,103.15781327126946,0.2498571428571442,-0.1700000000000017,5599.0,0.21099999999999852
47.826086956521664,103.1510927866703,103.16964057876761,0.2441428571428586,0.09999999999999432,7524.0,0.060000000000002274
50.03295978905751,103.15727422933624,103.17081766650404,0.24271428571428647,-0.15800000000000125,9911.0,0.4890000000000043
51.31663455362868,103.18221938346899,103.18140646017032,0.24907142857142922,-0.03900000000000148,10278.0,0.42900000000000205
55.13478818998708,103.21417550677519,103.19670108301125,0.26400000000000085,0.10099999999999909,9424.0,0.45000000000000284
59.57200694042809,103.30554040542016,103.24187240843875,0.28114285714285864,0.34900000000000375,2579.0,0.23999999999999488
61.142857142857245,103.38663232433613,103.28655122668268,0.28742857142857253,0.3190000000000026,4937.0,0.35200000000000387
65.73386636207896,103.46770585946891,103.33468920509385,0.2902857142857158,0.5700000000000074,4561.0,0.7109999999999985
66.461710452767,103.55636468757513,103.38957594746587,0.29664285714285754,1.0190000000000055,6851.0,0.2819999999999965
67.9315873864246,103.6576917500601,103.45371157151673,0.3266428571428567,1.0720000000000027,6064.0,0.10899999999999466
79.9159271368522,103.82675340004808,103.55364380280085,0.32371428571428545,1.4920000000000044,6786.0,-0.39000000000000057
80.66949552098079,103.90000272003846,103.61453486920077,0.3136428571428575,1.1219999999999999,1416.0,0.030000000000001137
78.90357317670097,103.95440217603077,103.66762678641975,0.30721428571428583,0.8900000000000006,2993.0,0.22100000000000364
76.4649375600386,103.98612174082461,103.7100432829512,0.3057857142857137,0.9309999999999974,2479.0,0.07899999999999352
77.01688555347106,104.0334973926597,103.75889630362252,0.3064999999999988,0.9410000000000025,1681.0,-0.01099999999999568
76.56623625059798,104.10539791412776,103.81928713184895,0.3066428571428566,1.051000000000002,4406.0,-0.2510000000000048
73.03832116788293,104.12271833130221,103.85478359548239,0.31292857142857144,0.5209999999999866,1857.0,-0.00899999999998613
72.01704545454538,104.14057466504177,103.88880420543644,0.3044999999999994,0.5010000000000048,2988.0,-0.04000000000000625
68.85014137606001,104.14085973203342,103.91291809063297,0.281642857142856,0.3499999999999943,1089.0,0.16100000000000136
63.9585605234458,104.14928778562674,103.93864017723935,0.2566428571428564,0.27200000000000557,507.0,0.028999999999996362
62.770083102492684,104.15383022850139,103.96086492226418,0.2501428571428558,0.10899999999999466,1202.0,-0.10899999999999466
63.773584905659916,104.18366418280111,103.99344921538187,0.2444999999999981,-0.20000000000000284,3000.0,-0.17099999999999227
58.23754789272018,104.18933134624089,104.0142635758217,0.2446428571428559,0.019000000000005457,1813.0,-0.0799999999999983
50.0,104.16406507699271,104.01890514002916,0.21699999999999978,-0.10899999999999466,1978.0,-0.01099999999999568
37.23331039229238,104.15765206159418,104.02967607907401,0.20050000000000015,0.019000000000005457,2939.0,-0.03900000000000148
47.3315835520564,104.15252164927534,104.03942121440029,0.18628571428571458,-0.09099999999999397,1615.0,-0.09000000000000341
45.00831946755465,104.13241731942027,104.04061919398121,0.18107142857142935,-0.340999999999994,3394.0,-0.030000000000001137
49.1554054054056,104.12453385553621,104.04560784217348,0.17950000000000138,-0.09899999999998954,1123.0,-0.24099999999999966
41.955555555555975,104.10802708442897,104.04526423815696,0.168214285714287,-0.1700000000000017,712.0,-0.12000000000000455
30.974358974359944,104.09082166754318,104.04304859642772,0.16807142857142918,-0.11999999999999034,1287.0,-0.21999999999999886
31.991525423729968,104.04305733403454,104.02485349200603,0.16307142857142867,-0.33100000000000307,976.0,-0.3610000000000042
35.412474849094465,104.01884586722764,104.0150579213388,0.16507142857142906,-0.25,2374.0,-0.31099999999999284
33.71647509578591,103.97547669378211,103.9947666907351,0.19371428571428595,-0.5009999999999906,1710.0,-0.07100000000001216
23.668188736681472,103.87858135502569,103.94678891066509,0.21228571428571488,-0.7210000000000036,959.0,0.24099999999999966
30.288123682361288,103.82506508402055,103.91480901441128,0.22228571428571492,-0.4519999999999982,1544.0,0.11719999999999686
29.745042492917435,103.80625206721643,103.89730339399115,0.22864285714285768,-0.40100000000001046,300.0,-0.028999999999996362
31.845688350983053,103.79140165377315,103.88156021361104,0.21778571428571475,-0.4000000000000057,594.0,0.06900000000000261
35.77498300475844,103.77876132301851,103.86695447898141,0.21485714285714255,-0.32380000000000564,663.0,0.18380000000000507
31.040564373897183,103.76340905841481,103.85124452860224,0.21778571428571375,-0.39100000000000534,1430.0,0.3089999999999975
36.5774533657743,103.77092724673184,103.84645933540203,0.2219285714285714,-0.24099999999999966,1000.0,0.09000000000000341
44.46202531645565,103.79914179738547,103.85270130345899,0.22642857142857156,-0.10999999999999943,1099.0,-0.16100000000000136
46.89863842662601,103.84151343790838,103.86777736979623,0.2315714285714289,0.15899999999999181,952.0,-0.3399999999999892
44.572250179726865,103.8514107503267,103.86998904886326,0.23999999999999996,-0.0309999999999917,320.0,-0.16900000000001114
41.03242885506273,103.83132860026137,103.85865675849533,0.23992857142857207,-0.05100000000000193,483.0,-0.11899999999999977
43.63124560168894,103.7992628802091,103.84078468625768,0.23200000000000134,0.18000000000000682,213.0,0.13100000000000023
42.86733238231075,103.78381030416728,103.82947185899503,0.22707142857142973,0.11099999999999,672.0,0.18000000000000682
43.804664723031884,103.75344824333382,103.81066501528122,0.20921428571428788,-0.09899999999998954,680.0,0.1799999999999926
62.632006498782104,103.76315859466706,103.80983977573062,0.20842857142857188,0.07000000000000739,453.0,-0.09000000000000341
62.0148637489681,103.79092687573365,103.81861693994675,0.19928571428571473,0.17379999999999995,1428.0,-0.35200000000000387
53.42929720575805,103.79514150058692,103.81798675518992,0.20428571428571526,0.10999999999999943,684.0,-0.28999999999999204
49.21875000000013,103.77851320046953,103.80789277850516,0.2142857142857153,-0.08899999999999864,604.0,-0.2400000000000091
43.80475594493088,103.73281056037563,103.78333156150467,0.21857142857142975,-0.362000000000009,426.0,-0.20900000000000318
43.75000000000006,103.69064844830051,103.75844284136137,0.20764285714285893,-0.4889999999999901,356.0,-0.22100000000000364
38.17397555715253,103.64691875864041,103.73116257075553,0.2055714285714306,-0.41900000000001114,737.0,0.13900000000001
29.76612331679557,103.58573500691233,103.69400423068357,0.2112142857142873,-0.4100000000000108,1686.0,0.3810000000000002
23.74260355029533,103.52878800552986,103.65657525633276,0.22114285714285842,-0.37000000000000455,3928.0,0.6310000000000002
40.920881971465434,103.54523040442389,103.65223475572964,0.23407142857142965,-0.11099999999999,846.0,0.06099999999999284
49.04163912756076,103.58058432353911,103.65887906470776,0.24342857142857152,0.0899999999999892,137.0,0.14000000000000057
57.94278758368838,103.65086745883129,103.68489058235464,0.2544285714285713,0.12999999999999545,738.0,-0.01999999999999602
48.650107991360755,103.65509396706503,103.68366290784468,0.27585714285714247,-0.23000000000000398,2780.0,0.1290000000000049
55.89139344262269,103.69647517365202,103.70064739281185,0.2867142857142854,0.04999999999999716,1293.0,0.09000000000000341
53.0021834061135,103.73958013892161,103.72077621254405,0.2797142857142865,0.20000000000000284,427.0,-0.020000000000010232
47.25990233315252,103.7518641111373,103.72841657325414,0.2875000000000014,0.2510000000000048,1779.0,0.09900000000000375
53.67647058823528,103.79189128890984,103.74971023294422,0.2767857142857153,0.4299999999999926,118.0,0.0
54.828326180257264,103.81191303112787,103.7632616393305,0.2645714285714291,0.4200000000000017,124.0,-0.000999999999990564
60.233918128655084,103.8295304249023,103.77628434034663,0.25157142857142895,0.5590000000000117,37.0,0.07199999999998852
62.39907727796963,103.85402433992184,103.79301916507552,0.253857142857143,0.6509999999999962,831.0,0.07000000000000739
62.00573065902608,103.86141947193747,103.80235067316357,0.2502857142857136,0.28000000000000114,392.0,0.12999999999999545
68.613569321534,103.88353557754998,103.8185077519099,0.23885714285714243,0.25,295.0,0.1039999999999992
71.14369501466271,103.91122846203999,103.83788796601372,0.22157142857142784,0.09000000000000341,152.0,0.02049999999999841
64.68481375358138,103.93318276963198,103.85532720734575,0.1980714285714283,0.34900000000000375,798.0,-0.1700000000000017
63.208955223880395,103.96174621570559,103.87634366378902,0.19478571428571353,0.21399999999999864,5490.0,-0.003999999999990678
54.74860335195538,103.97789697256447,103.8921680767615,0.19485714285714145,0.13049999999999784,2046.0,0.05749999999999034
58.173515981735264,103.95251757805157,103.88824730754611,0.18635714285714247,0.04999999999999716,3637.0,0.2609999999999957
59.32504440497367,103.97641406244125,103.9057475639703,0.18128571428571302,0.12000000000000455,149.0,0.03999999999999204
58.514492753622775,104.001131249953,103.92424779597312,0.17557142857142644,0.2079999999999984,250.0,-0.0379999999999967
65.47263681592034,104.0233049999624,103.94212895826139,0.16921428571428265,0.21199999999998909,1192.0,-0.05999999999998806
59.367681498829,104.04104399996993,103.95830715271269,0.16428571428571206,0.1599999999999966,756.0,-0.018999999999991246
60.0710900473937,104.04523519997595,103.96818266197815,0.16142857142856976,0.17099999999999227,207.0,-0.09000000000000341
58.9834515366435,104.04658815998076,103.97616526559928,0.16157142857142656,0.0800000000000125,261.0,-0.10200000000000387
58.44311377245576,104.05587052798461,103.98729238316125,0.1617142857142844,0.07099999999999795,1546.0,-0.030000000000001137
54.52513966480394,104.03909642238769,103.98583596571731,0.1646428571428556,-0.049000000000006594,523.0,0.03720000000001278
48.684210526316285,104.02127713791015,103.98242301660137,0.1647142857142845,-0.12599999999999056,805.0,0.14300000000000068
52.280311457174534,104.02962171032812,103.9900970150203,0.16785714285714143,0.02049999999999841,491.0,0.14000000000000057
49.38012187434365,104.02553736826249,103.99191634692312,0.172071428571428,0.1582000000000079,1530.0,0.3637999999999977
50.86681623495873,104.03902989461,104.00154336150187,0.16414285714285728,0.021000000000000796,3765.0,0.25
57.591523980702036,104.071823915688,104.0207297080255,0.16750000000000093,0.10300000000000864,1863.0,0.14999999999999147
75.20278099652465,104.1320591325504,104.05427925964212,0.1616428571428575,0.2610000000000099,1625.0,-0.002200000000001978
66.04309732417772,104.17424730604031,104.08177647300953,0.14657142857142905,0.23100000000000875,1169.0,0.009000000000000341
65.30365352044575,104.20999784483224,104.10760728510385,0.14328571428571532,0.2909999999999968,1098.0,0.030900000000002592
65.54541086016425,104.24215827586579,104.13267325795111,0.13607142857143067,0.318799999999996,633.0,-0.26780000000000825
64.09774436090316,104.26412662069264,104.15356151909863,0.13621428571428748,0.25900000000000034,3170.0,-0.20900000000000318
69.31940943464228,104.28808129655411,104.1754985172797,0.15557142857143041,0.4119000000000028,8971.0,-0.37189999999999657
52.30978260869512,104.2510650372433,104.1685938965864,0.17277857142857403,0.1529999999999916,1515.0,-0.12099999999999511
52.266545784224725,104.22945202979463,104.16615638262579,0.17349285714285909,0.0799999999999983,3201.0,-0.3119999999999976
51.79694519317191,104.18596162383571,104.15147482237572,0.1763500000000024,0.0027999999999934744,1880.0,-0.09999999999999432
51.42729705619966,104.14516929906857,104.13533436310183,0.17906428571428787,-0.1110000000000042,3324.0,-0.06999999999999318
39.991371872303674,104.08233543925486,104.10635013804452,0.17970714285714504,-0.3719999999999999,1705.0,0.11999999999999034
45.902883156297385,104.04826835140389,104.0878406010879,0.17692142857143064,-0.4609999999999985,1935.0,0.01999999999999602
41.79063860667648,104.02101468112312,104.07109387717477,0.1742571428571448,-0.4309999999999974,1753.0,-0.030000000000001137
37.78359511343747,104.00701174489849,104.05965636506289,0.16225714285714435,-0.402000000000001,3864.0,-0.2189999999999941
24.9545661063146,103.9920093959188,104.04749861600928,0.15940000000000104,-0.4388000000000005,1974.0,-0.32099999999999795
24.400266548200207,103.97000751673504,104.03173684305601,0.16797142857142994,-0.46999999999999886,2591.0,-0.14000000000000057
20.15570934256054,103.92240601338803,104.00319047705068,0.17840000000000142,-0.6518999999999977,2864.0,0.11899999999999977
16.780342777194264,103.86012481071042,103.96583900304586,0.18632857142857315,-0.4919999999999902,3610.0,0.3299999999999983
25.712693103997083,103.83649984856834,103.94452100275578,0.19890000000000083,-0.40099999999999625,7095.0,0.11899999999999977
30.00975316977997,103.83939987885466,103.93561424058856,0.19311428571428632,-0.16100000000000136,2578.0,0.021000000000000796
42.90718038528921,103.85971990308373,103.93612717005632,0.18376428571428655,-0.04099999999999682,2743.0,0.01099999999999568
38.07106598984759,103.85997592246699,103.92897220147952,0.18162142857142932,0.030000000000001137,3954.0,0.14000000000000057
43.408662900188105,103.8623807379736,103.9235462775291,0.1859785714285727,-0.04000000000000625,6613.0,0.27200000000000557
48.651079136690555,103.88030459037887,103.92625615585966,0.18826428571428774,0.03999999999999204,9539.0,0.14000000000000057
58.4158415841587,103.9044436723031,103.93337461720635,0.19176428571428822,0.05000000000001137,3575.0,0.10099999999999909
60.82089552238829,103.95235493784249,103.95343417747242,0.20105000000000114,0.2120000000000033,10425.0,-0.11299999999999955
58.00711743772222,103.98028395027399,103.96663092247505,0.1987857142857164,0.20999999999999375,2263.0,-0.09099999999999397
56.89497716895025,104.00462716021919,103.97952321557267,0.19442857142857406,0.37000000000000455,3518.0,0.030000000000001137
54.3156059285093,104.00990172817535,103.98442576647051,0.1966428571428602,0.4200000000000017,3227.0,0.031999999999996476
55.27950310559,104.00812138254028,103.9860042649019,0.1910000000000025,0.25900000000000034,4113.0,0.10199999999998965
68.05054151624569,104.03289710603222,103.99990862062552,0.19106428571428832,0.2810000000000059,6147.0,-0.030000000000001137
71.40151515151483,104.03891768482578,104.00591732342309,0.18756428571428785,0.12199999999999989,4849.0,-0.15200000000000102
68.70466321243465,104.05173414786061,104.0151632926209,0.173564285714288,0.24199999999999022,5034.0,-0.25099999999999056
64.6441073512255,104.0617873182885,104.02343345522843,0.17020714285714433,0.23000000000000398,9734.0,-0.24099999999999966
48.434237995824574,104.0316298546308,104.01272550711144,0.176635714285716,-0.04099999999999682,6693.0,-0.11899999999999977
49.519743863393785,103.99570388370464,103.99741831595797,0.17799285714285823,-0.1490000000000009,5981.0,-0.10200000000000387
49.41176470588259,103.9687631069637,103.98442609539055,0.1671357142857143,-0.28300000000000125,4762.0,-0.10900000000000887
41.34199134199159,103.93341048557096,103.96609980059145,0.1634214285714281,-0.29999999999999716,5449.0,0.030000000000001137
36.31406761177729,103.89672838845676,103.94551886720178,0.15842142857142857,-0.35200000000000387,4572.0,-0.14799999999999613
24.742268041236343,103.86778271076541,103.92708849889685,0.14913571428571565,-0.2790000000000106,5344.0,-0.2599999999999909
32.99748110831253,103.85862616861233,103.91708007043049,0.1574214285714299,-0.17900000000000205,9041.0,-0.269999999999996
25.099601593625266,103.80730093488987,103.8870724446752,0.18027857142857226,-0.5300000000000011,5447.0,0.009999999999990905
24.161073825503095,103.74424074791189,103.84944649756328,0.17827857142857287,-0.570999999999998,3727.0,0.09999999999999432
29.077353215284205,103.70579259832951,103.82111825970011,0.17820714285714395,-0.5509999999999877,4514.0,-0.020000000000010232
24.051896207583837,103.6870340786636,103.80120223496677,0.1750285714285726,-0.4900000000000091,4968.0,-0.16100000000000136
25.288562434416775,103.66802726293088,103.78127821258897,0.1741714285714297,-0.3190000000000026,4914.0,-0.34199999999999875
20.65775950668001,103.6408218103447,103.75753743043764,0.18831428571428738,-0.3200000000000074,7524.0,-0.22099999999998943
19.088319088318514,103.60285744827576,103.72834338944358,0.20167142857143108,-0.4100000000000108,16151.0,-0.07899999999999352
18.908748824082366,103.5322859586206,103.68278687616323,0.2152142857142871,-0.5420000000000016,20968.0,0.18200000000000216
24.600938967136244,103.48802876689649,103.64737860224292,0.21942857142857367,-0.43899999999999295,9552.0,0.11099999999999
28.11101163831654,103.46482301351719,103.62115206869598,0.23014285714285979,-0.37999999999999545,16315.0,0.23000000000000398
33.754512635378944,103.45825841081376,103.60313758596303,0.23847857142857368,-0.39000000000000057,17346.0,0.7339999999999947
34.75836431226743,103.45100672865101,103.58588638729988,0.2600500000000017,-0.18000000000000682,23493.0,0.9410000000000025
44.019138755981224,103.4812053829208,103.58742101708084,0.3049785714285725,0.10999999999999943,28391.0,0.9110000000000014
59.83981693363833,103.61816430633664,103.64252377735886,0.3421214285714283,0.6139999999999901,4702.0,0.07699999999999818
72.05797101449271,103.76713144506931,103.71114056046754,0.3381214285714285,0.7510000000000048,4045.0,0.060000000000002274
78.92351274787536,103.91630515605544,103.7875081261373,0.378935714285714,0.9210000000000065,17506.0,-0.0799999999999983
67.49367088607558,103.98164412484435,103.8308883046004,0.38893571428571505,0.7109999999999985,4016.0,0.4000000000000057
69.35560859188536,104.06991529987548,103.88727989463847,0.3898357142857155,0.9720000000000084,7447.0,0.24899999999999523
70.16786570743389,104.14253223990038,103.93925323800623,0.39912142857142946,1.183000000000007,7782.0,-0.0800000000000125
74.8545861297537,104.2426257919203,104.00627673914849,0.39755000000000046,1.3319999999999936,4768.0,-0.4510000000000076
77.96610169491507,104.32850063353624,104.06967895446768,0.40276428571428574,1.2999999999999972,13617.0,-0.4380999999999915
73.96784006953455,104.333400506829,104.09666191118504,0.41800714285714335,0.9209999999999923,6775.0,-0.0899999999999892
